candidate	layer	subset	gib	prose	lit_w2
L43_gate	43	gate_proj	101.0335	3.0574	1.9308
L43_up	43	up_proj	101.0335	3.0474	1.9208
L43_down	43	down_proj	101.0335	3.0341	1.9299
L43_gate+up	43	gate_proj,up_proj	101.0957	3.0484	1.9114
L43_gate+down	43	gate_proj,down_proj	101.0957	3.0401	1.9216
L43_up+down	43	up_proj,down_proj	101.0957	3.0242	1.9202
L45_gate	45	gate_proj	101.0335	3.0487	1.9316
L45_up	45	up_proj	101.0335	3.0536	1.9296
L45_down	45	down_proj	101.0335	3.0606	1.9399
L45_gate+up	45	gate_proj,up_proj	101.0957	3.0406	1.9274
L45_gate+down	45	gate_proj,down_proj	101.0957	3.0424	1.9335
L45_up+down	45	up_proj,down_proj	101.0957	3.0564	1.9257
L47_gate	47	gate_proj	101.0335	3.0525	1.9359
L47_up	47	up_proj	101.0335	3.0483	1.9374
L47_down	47	down_proj	101.0335	3.051	1.9346
L47_gate+up	47	gate_proj,up_proj	101.0957	3.0422	1.9326
L47_gate+down	47	gate_proj,down_proj	101.0957	3.0464	1.9328
L47_up+down	47	up_proj,down_proj	101.0957	3.037	1.9316
L29_gate	29	gate_proj	101.0335	3.0576	1.9421
L29_up	29	up_proj	101.0335	3.0544	1.9463
L29_down	29	down_proj	101.0335	3.048	1.9338
L29_gate+up	29	gate_proj,up_proj	101.0957	3.0497	1.9444
L29_gate+down	29	gate_proj,down_proj	101.0957	3.0461	1.9367
L29_up+down	29	up_proj,down_proj	101.0957	3.042	1.9363
L44_gate	44	gate_proj	101.0335	3.0482	1.9269
L44_up	44	up_proj	101.0335	3.0587	1.9189
L44_down	44	down_proj	101.0335	3.0466	1.9244
L44_gate+up	44	gate_proj,up_proj	101.0957	3.0522	1.912
L44_gate+down	44	gate_proj,down_proj	101.0957	3.0421	1.9121
L44_up+down	44	up_proj,down_proj	101.0957	3.0484	1.9069
L48_gate	48	gate_proj	101.0335	3.0503	1.9335
L48_up	48	up_proj	101.0335	3.0545	1.9402
L48_down	48	down_proj	101.0335	3.0561	1.9367
L48_gate+up	48	gate_proj,up_proj	101.0957	3.0487	1.9329
L48_gate+down	48	gate_proj,down_proj	101.0957	3.0471	1.9281
L48_up+down	48	up_proj,down_proj	101.0957	3.0557	1.9389
L49_gate	49	gate_proj	101.0335	3.0575	1.9405
L49_up	49	up_proj	101.0335	3.0417	1.9345
L49_down	49	down_proj	101.0335	3.0421	1.9377
L49_gate+up	49	gate_proj,up_proj	101.0957	3.047	1.9342
L49_gate+down	49	gate_proj,down_proj	101.0957	3.0508	1.9371
L49_up+down	49	up_proj,down_proj	101.0957	3.0348	1.9339
L41_gate	41	gate_proj	101.0335	3.055	1.9345
L41_up	41	up_proj	101.0335	3.0553	1.9394
L41_down	41	down_proj	101.0335	3.0498	1.9276
L41_gate+up	41	gate_proj,up_proj	101.0957	3.05	1.9294
L41_gate+down	41	gate_proj,down_proj	101.0957	3.05	1.9221
L41_up+down	41	up_proj,down_proj	101.0957	3.0483	1.9278
L37_gate	37	gate_proj	101.0335	3.0468	1.9373
L37_up	37	up_proj	101.0335	3.0542	1.9378
L37_down	37	down_proj	101.0335	3.0526	1.939
L37_gate+up	37	gate_proj,up_proj	101.0957	3.0525	1.9377
L37_gate+down	37	gate_proj,down_proj	101.0957	3.0465	1.9374
L37_up+down	37	up_proj,down_proj	101.0957	3.0496	1.9398
L42_gate	42	gate_proj	101.0335	3.049	1.9321
L42_up	42	up_proj	101.0335	3.0529	1.9324
L42_down	42	down_proj	101.0335	3.0594	1.9142
L42_gate+up	42	gate_proj,up_proj	101.0957	3.0441	1.9249
L42_gate+down	42	gate_proj,down_proj	101.0957	3.0522	1.9068
L42_up+down	42	up_proj,down_proj	101.0957	3.0522	1.9015
L53_gate	53	gate_proj	101.0335	3.053	1.9431
L53_up	53	up_proj	101.0335	3.0537	1.9384
L53_down	53	down_proj	101.0335	3.052	1.9413
L53_gate+up	53	gate_proj,up_proj	101.0957	3.0514	1.9439
L53_gate+down	53	gate_proj,down_proj	101.0957	3.0473	1.9447
L53_up+down	53	up_proj,down_proj	101.0957	3.049	1.9385
L36_gate	36	gate_proj	101.0335	3.0573	1.9405
L36_up	36	up_proj	101.0335	3.0531	1.9406
L36_down	36	down_proj	101.0335	3.0562	1.9399
L36_gate+up	36	gate_proj,up_proj	101.0957	3.0537	1.9394
L36_gate+down	36	gate_proj,down_proj	101.0957	3.0589	1.9377
L36_up+down	36	up_proj,down_proj	101.0957	3.0494	1.939
L30_gate	30	gate_proj	101.0335	3.0506	1.9414
L30_up	30	up_proj	101.0335	3.0627	1.9418
L30_down	30	down_proj	101.0335	3.0519	1.9381
L30_gate+up	30	gate_proj,up_proj	101.0957	3.0541	1.9448
L30_gate+down	30	gate_proj,down_proj	101.0957	3.0501	1.9401
L30_up+down	30	up_proj,down_proj	101.0957	3.0549	1.9397
L32_gate	32	gate_proj	101.0335	3.0529	1.94
L32_up	32	up_proj	101.0335	3.0616	1.9402
L32_down	32	down_proj	101.0335	3.0548	1.9441
L32_gate+up	32	gate_proj,up_proj	101.0957	3.0531	1.9408
L32_gate+down	32	gate_proj,down_proj	101.0957	3.0482	1.9465
L32_up+down	32	up_proj,down_proj	101.0957	3.0551	1.9396
L40_gate	40	gate_proj	101.0335	3.0582	1.9349
L40_up	40	up_proj	101.0335	3.0581	1.9338
L40_down	40	down_proj	101.0335	3.0522	1.9344
L40_gate+up	40	gate_proj,up_proj	101.0957	3.0622	1.9269
L40_gate+down	40	gate_proj,down_proj	101.0957	3.051	1.9255
L40_up+down	40	up_proj,down_proj	101.0957	3.053	1.9307
L38_gate	38	gate_proj	101.0335	3.0536	1.9353
L38_up	38	up_proj	101.0335	3.0497	1.9299
L38_down	38	down_proj	101.0335	3.0524	1.9375
L38_gate+up	38	gate_proj,up_proj	101.0957	3.0451	1.9246
L38_gate+down	38	gate_proj,down_proj	101.0957	3.0538	1.9321
L38_up+down	38	up_proj,down_proj	101.0957	3.0508	1.9247
