candidate	layers	donor	gib	d_gib	prose_ppl	d_prose	code_ppl	d_code	tokens	wall_s	utc	kl_mnats	d_kl	top1	captured_mass	interpreter	contended
BASE		d2k256	44.532	0.0	6.021582	0.0			2048	34.3	2026-09-04T05:05:33Z	419.8798	0.0	0.7783	0.9626	/Users/noahzelezny/.venvs/qwen4exp/bin/python	1
L00	0	d2k256	45.156	0.6243	6.009033	0.012549			2048	26.1	2026-09-04T05:05:59Z	406.3949	13.4849	0.7769	0.9626	/Users/noahzelezny/.venvs/qwen4exp/bin/python	1
L01	1	d2k256	45.156	0.6243	5.99832	0.023262			2048	34.9	2026-09-04T05:06:34Z	409.4462	10.4336	0.7773	0.9626	/Users/noahzelezny/.venvs/qwen4exp/bin/python	1
L02	2	d2k256	45.156	0.6243	6.057003	-0.035421			2048	50.7	2026-09-04T05:07:24Z	405.5924	14.2874	0.7788	0.9626	/Users/noahzelezny/.venvs/qwen4exp/bin/python	1
L03	3	d2k256	45.156	0.6243	6.083916	-0.062334			2048	52.5	2026-09-04T05:08:17Z	415.5387	4.3411	0.7832	0.9626	/Users/noahzelezny/.venvs/qwen4exp/bin/python	1
L04	4	d2k256	45.156	0.6243	6.071582	-0.05			2048	48.7	2026-09-04T05:09:06Z	408.0488	11.831	0.7803	0.9626	/Users/noahzelezny/.venvs/qwen4exp/bin/python	1
L05	5	d2k256	45.156	0.6243	6.042087	-0.020505			2048	55.1	2026-09-04T05:10:01Z	414.4554	5.4244	0.7871	0.9626	/Users/noahzelezny/.venvs/qwen4exp/bin/python	1
L06	6	d2k256	45.156	0.6243	5.939676	0.081906			2048	53.6	2026-09-04T05:10:55Z	417.9218	1.958	0.7808	0.9626	/Users/noahzelezny/.venvs/qwen4exp/bin/python	1
L07	7	d2k256	45.156	0.6243	6.005576	0.016006			2048	75.8	2026-09-04T05:12:10Z	413.6288	6.251	0.7798	0.9626	/Users/noahzelezny/.venvs/qwen4exp/bin/python	1
L08	8	d2k256	45.156	0.6243	6.009675	0.011907			2048	60.7	2026-09-04T05:13:11Z	416.1064	3.7734	0.7778	0.9626	/Users/noahzelezny/.venvs/qwen4exp/bin/python	1
L09	9	d2k256	45.156	0.6243	5.975879	0.045703			2048	58.6	2026-09-04T05:14:10Z	414.7983	5.0815	0.7764	0.9626	/Users/noahzelezny/.venvs/qwen4exp/bin/python	1
L10	10	d2k256	45.156	0.6243	6.070691	-0.049109			2048	58.5	2026-09-04T05:15:08Z	421.3356	-1.4558	0.7847	0.9626	/Users/noahzelezny/.venvs/qwen4exp/bin/python	1
L11	11	d2k256	45.156	0.6243	6.021564	1.8e-05			2048	49.2	2026-09-04T05:15:58Z	420.8432	-0.9634	0.7744	0.9626	/Users/noahzelezny/.venvs/qwen4exp/bin/python	1
L12	12	d2k256	45.156	0.6243	5.999149	0.022433			2048	61.7	2026-09-04T05:16:59Z	418.3436	1.5362	0.7715	0.9626	/Users/noahzelezny/.venvs/qwen4exp/bin/python	1
L13	13	d2k256	45.156	0.6243	6.023837	-0.002255			2048	53.8	2026-09-04T05:17:53Z	418.7111	1.1687	0.7788	0.9626	/Users/noahzelezny/.venvs/qwen4exp/bin/python	1
L14	14	d2k256	45.156	0.6243	5.998651	0.022931			2048	57.7	2026-09-04T05:18:51Z	414.9894	4.8904	0.7739	0.9626	/Users/noahzelezny/.venvs/qwen4exp/bin/python	1
L15	15	d2k256	45.156	0.6243	6.013939	0.007643			2048	51.3	2026-09-04T05:19:42Z	412.2349	7.6449	0.7778	0.9626	/Users/noahzelezny/.venvs/qwen4exp/bin/python	1
L16	16	d2k256	45.156	0.6243	5.969774	0.051808			2048	59.7	2026-09-04T05:20:42Z	416.1178	3.762	0.7808	0.9626	/Users/noahzelezny/.venvs/qwen4exp/bin/python	1
L17	17	d2k256	45.156	0.6243	6.003419	0.018163			2048	60.3	2026-09-04T05:21:43Z	420.0307	-0.1509	0.7803	0.9626	/Users/noahzelezny/.venvs/qwen4exp/bin/python	1
L18	18	d2k256	45.156	0.6243	6.014615	0.006967			2048	60.5	2026-09-04T05:22:43Z	418.2079	1.6719	0.7837	0.9626	/Users/noahzelezny/.venvs/qwen4exp/bin/python	1
L19	19	d2k256	45.156	0.6243	5.992942	0.02864			2048	61.0	2026-09-04T05:23:44Z	413.2222	6.6576	0.7793	0.9626	/Users/noahzelezny/.venvs/qwen4exp/bin/python	1
L20	20	d2k256	45.156	0.6243	6.04797	-0.026388			2048	79.8	2026-09-04T05:25:04Z	418.0202	1.8596	0.7773	0.9626	/Users/noahzelezny/.venvs/qwen4exp/bin/python	1
L21	21	d2k256	45.156	0.6243	6.019712	0.00187			2048	63.6	2026-09-04T05:26:08Z	415.6634	4.2164	0.7808	0.9626	/Users/noahzelezny/.venvs/qwen4exp/bin/python	1
L22	22	d2k256	45.156	0.6243	5.975827	0.045755			2048	51.4	2026-09-04T05:26:59Z	412.4409	7.4389	0.7808	0.9626	/Users/noahzelezny/.venvs/qwen4exp/bin/python	1
L23	23	d2k256	45.156	0.6243	6.03219	-0.010608			2048	64.2	2026-09-04T05:28:04Z	420.1573	-0.2775	0.7783	0.9626	/Users/noahzelezny/.venvs/qwen4exp/bin/python	1
L24	24	d2k256	45.156	0.6243	6.00009	0.021492			2048	63.0	2026-09-04T05:29:07Z	417.3482	2.5316	0.7783	0.9626	/Users/noahzelezny/.venvs/qwen4exp/bin/python	1
L25	25	d2k256	45.156	0.6243	6.003146	0.018436			2048	55.7	2026-09-04T05:30:02Z	407.7944	12.0854	0.7856	0.9626	/Users/noahzelezny/.venvs/qwen4exp/bin/python	1
L26	26	d2k256	45.156	0.6243	6.050932	-0.02935			2048	87.6	2026-09-04T05:31:30Z	414.6559	5.2239	0.7769	0.9626	/Users/noahzelezny/.venvs/qwen4exp/bin/python	1
L27	27	d2k256	45.156	0.6243	5.956565	0.065017			2048	71.1	2026-09-04T05:32:41Z	406.9392	12.9406	0.7759	0.9626	/Users/noahzelezny/.venvs/qwen4exp/bin/python	1
L28	28	d2k256	45.156	0.6243	5.967414	0.054168			2048	68.2	2026-09-04T05:33:49Z	415.9767	3.9031	0.7754	0.9626	/Users/noahzelezny/.venvs/qwen4exp/bin/python	1
L29	29	d2k256	45.156	0.6243	5.998233	0.023349			2048	43.6	2026-09-04T05:34:33Z	419.5032	0.3766	0.7778	0.9626	/Users/noahzelezny/.venvs/qwen4exp/bin/python	1
L30	30	d2k256	45.156	0.6243	6.019773	0.001809			2048	69.1	2026-09-04T05:35:42Z	414.7502	5.1296	0.7798	0.9626	/Users/noahzelezny/.venvs/qwen4exp/bin/python	1
L31	31	d2k256	45.156	0.6243	5.932448	0.089134			2048	55.9	2026-09-04T05:36:38Z	410.3152	9.5646	0.7793	0.9626	/Users/noahzelezny/.venvs/qwen4exp/bin/python	1
L32	32	d2k256	45.156	0.6243	5.976424	0.045158			2048	71.1	2026-09-04T05:37:49Z	416.1215	3.7583	0.7808	0.9626	/Users/noahzelezny/.venvs/qwen4exp/bin/python	1
L33	33	d2k256	45.156	0.6243	5.971146	0.050436			2048	66.6	2026-09-04T05:38:56Z	421.5425	-1.6627	0.7876	0.9626	/Users/noahzelezny/.venvs/qwen4exp/bin/python	1
L34	34	d2k256	45.156	0.6243	6.048303	-0.026721			2048	60.3	2026-09-04T05:39:56Z	427.5936	-7.7138	0.7803	0.9626	/Users/noahzelezny/.venvs/qwen4exp/bin/python	1
L35	35	d2k256	45.156	0.6243	6.027553	-0.005971			2048	75.2	2026-09-04T05:41:12Z	414.3173	5.5625	0.7764	0.9626	/Users/noahzelezny/.venvs/qwen4exp/bin/python	1
L36	36	d2k256	45.156	0.6243	5.987882	0.0337			2048	69.0	2026-09-04T05:42:21Z	416.1433	3.7365	0.7798	0.9626	/Users/noahzelezny/.venvs/qwen4exp/bin/python	1
L37	37	d2k256	45.156	0.6243	5.948942	0.07264			2048	55.2	2026-09-04T05:43:16Z	414.0062	5.8736	0.7861	0.9626	/Users/noahzelezny/.venvs/qwen4exp/bin/python	1
L38	38	d2k256	45.156	0.6243	6.014708	0.006874			2048	60.5	2026-09-04T05:44:16Z	416.2911	3.5887	0.7788	0.9626	/Users/noahzelezny/.venvs/qwen4exp/bin/python	1
L39	39	d2k256	45.156	0.6243	5.986904	0.034678			2048	83.0	2026-09-04T05:45:39Z	412.8716	7.0082	0.7827	0.9626	/Users/noahzelezny/.venvs/qwen4exp/bin/python	1
L40	40	d2k256	45.156	0.6243	5.99328	0.028302			2048	58.9	2026-09-04T05:46:38Z	417.1997	2.6801	0.7783	0.9626	/Users/noahzelezny/.venvs/qwen4exp/bin/python	1
L41	41	d2k256	45.156	0.6243	5.965124	0.056458			2048	71.6	2026-09-04T05:47:50Z	412.35	7.5298	0.7793	0.9626	/Users/noahzelezny/.venvs/qwen4exp/bin/python	1
L42	42	d2k256	45.156	0.6243	5.94138	0.080202			2048	67.4	2026-09-04T05:48:58Z	407.4041	12.4757	0.7793	0.9626	/Users/noahzelezny/.venvs/qwen4exp/bin/python	1
L43	43	d2k256	45.156	0.6243	5.910816	0.110766			2048	57.6	2026-09-04T05:49:55Z	408.4481	11.4317	0.7827	0.9626	/Users/noahzelezny/.venvs/qwen4exp/bin/python	1
L44	44	d2k256	45.156	0.6243	5.98209	0.039492			2048	53.7	2026-09-04T05:50:49Z	417.6646	2.2152	0.7798	0.9626	/Users/noahzelezny/.venvs/qwen4exp/bin/python	1
L45	45	d2k256	45.156	0.6243	6.013791	0.007791			2048	64.3	2026-09-04T05:51:53Z	416.6786	3.2012	0.7822	0.9626	/Users/noahzelezny/.venvs/qwen4exp/bin/python	1
L46	46	d2k256	45.156	0.6243	6.066997	-0.045415			2048	37.0	2026-09-04T05:52:30Z	413.7377	6.1421	0.7837	0.9626	/Users/noahzelezny/.venvs/qwen4exp/bin/python	1
L47	47	d2k256	45.156	0.6243	5.893563	0.128019			2048	39.4	2026-09-04T05:53:10Z	407.8984	11.9814	0.7896	0.9626	/Users/noahzelezny/.venvs/qwen4exp/bin/python	1
BEST2	0,2	d2k256	45.78	1.2486	5.884166	0.137416			2048	50.4	2026-09-04T06:16:33Z	395.5927	24.2871	0.7891	0.9626	/Users/noahzelezny/.venvs/qwen4exp/bin/python	1
CTRL2	33,34	d2k256	45.78	1.2486	6.022557	-0.000975			2048	46.7	2026-09-04T06:17:20Z	429.5872	-9.7074	0.7812	0.9626	/Users/noahzelezny/.venvs/qwen4exp/bin/python	1
